t,x,y,xdot,ydot,v,theta,omega
0.000000,0.000000,0.000000,0.195757,0.506071,0.542613,1.201706,-0.108898
0.200000,0.039151,0.101214,0.211030,0.512117,0.553893,1.179926,-0.154136
0.400000,0.084412,0.204847,0.240853,0.524136,0.576827,1.140051,-0.186657
0.600000,0.135493,0.310869,0.269245,0.535960,0.599788,1.105263,-0.163048
0.800000,0.192110,0.419231,0.296234,0.547493,0.622497,1.074832,-0.142914
1.000000,0.253986,0.529866,0.321862,0.558641,0.644729,1.048097,-0.125907
1.200000,0.320854,0.642687,0.346179,0.569315,0.666303,1.024469,-0.111679
1.400000,0.392458,0.757592,0.369249,0.579427,0.687081,1.003426,-0.099906
1.600000,0.468554,0.874458,0.391142,0.588897,0.706960,0.984507,-0.090301
1.800000,0.548915,0.993150,0.411942,0.597647,0.725864,0.967306,-0.082610
2.000000,0.633331,1.113517,0.431739,0.605606,0.743746,0.951463,-0.076616
2.200000,0.721610,1.235393,0.450631,0.612711,0.760581,0.936659,-0.072132
2.400000,0.813583,1.358601,0.468725,0.618904,0.776366,0.922610,-0.069000
2.600000,0.909100,1.482954,0.486133,0.624134,0.791118,0.909059,-0.067079
2.800000,1.008036,1.608255,0.502973,0.628359,0.804870,0.895778,-0.066251
3.000000,1.110289,1.734298,0.519368,0.631545,0.817675,0.882559,-0.066407
3.200000,1.215783,1.860873,0.535445,0.633666,0.829599,0.869215,-0.067450
3.400000,1.324467,1.987764,0.551331,0.634706,0.840724,0.855579,-0.069286
3.600000,1.436316,2.114755,0.567159,0.634655,0.851150,0.841501,-0.071828
3.800000,1.551331,2.241626,0.583058,0.633514,0.860986,0.826848,-0.074984
4.000000,1.669539,2.368161,0.599159,0.631292,0.870357,0.811507,-0.078664
4.200000,1.790994,2.494143,0.615590,0.628008,0.879400,0.795383,-0.082769
4.400000,1.915775,2.619364,0.632478,0.623687,0.888265,0.778400,-0.087197
4.600000,2.043986,2.743618,0.649946,0.618365,0.897109,0.760504,-0.091839
4.800000,2.175753,2.866710,0.668109,0.612085,0.906101,0.741664,-0.096576
5.000000,2.311229,2.988452,0.687081,0.604898,0.915414,0.721873,-0.101285
5.200000,2.450586,3.108669,0.706968,0.596862,0.925228,0.701150,-0.105838
5.400000,2.594016,3.227197,0.727866,0.588042,0.935725,0.679538,-0.110104
5.600000,2.741732,3.343886,0.749866,0.578509,0.947086,0.657109,-0.113954
5.800000,2.893963,3.458600,0.773049,0.568340,0.959487,0.633957,-0.117266
6.000000,3.050952,3.571222,0.797487,0.557618,0.973100,0.610202,-0.119930
6.200000,3.212957,3.681648,0.823239,0.546430,0.988084,0.585985,-0.121848
6.400000,3.380248,3.789794,0.850358,0.534866,1.004585,0.561463,-0.122946
6.600000,3.553101,3.895594,0.878883,0.523020,1.022734,0.536806,-0.123175
6.800000,3.731801,3.999002,0.908841,0.510988,1.042641,0.512193,-0.122511
7.000000,3.916637,4.099989,0.940249,0.498867,1.064395,0.487802,-0.120956
7.200000,4.107901,4.198549,0.973113,0.486754,1.088062,0.463810,-0.118543
7.400000,4.305882,4.294691,1.007424,0.474749,1.113683,0.440385,-0.115326
7.600000,4.510870,4.388448,1.043165,0.462949,1.141277,0.417680,-0.111380
7.800000,4.723148,4.479871,1.080304,0.451448,1.170838,0.395833,-0.106796
8.000000,4.942992,4.569028,1.118801,0.440340,1.202338,0.374962,-0.101673
8.200000,5.170668,4.656007,1.158603,0.429716,1.235725,0.355163,-0.096119
8.400000,5.406433,4.740914,1.199647,0.419660,1.270931,0.336514,-0.090240
8.600000,5.650527,4.823871,1.241859,0.410254,1.307869,0.319068,-0.084137
8.800000,5.903177,4.905015,1.285157,0.401575,1.346436,0.302859,-0.077907
9.000000,6.164590,4.984501,1.329449,0.393693,1.386517,0.287905,-0.071637
9.200000,6.434956,5.062493,1.374636,0.386671,1.427984,0.274204,-0.065403
9.400000,6.714444,5.139169,1.420611,0.380566,1.470703,0.261743,-0.059271
9.600000,7.003201,5.214719,1.467261,0.375429,1.514531,0.250496,-0.053294
9.800000,7.301349,5.289340,1.514468,0.371299,1.559319,0.240426,-0.036879
10.000000,7.608988,5.363239,1.538195,0.369491,1.581951,0.235744,-0.023407
